Lunar Credits:
Realname		email				nick

Alan Mimms		alanm@unforgettable.com		alan
Alex Chapman		wrunt@hotmail.com		alex
Anders Bruun Olsen	anders@bruun-olsen.net		anders
Andrew Davies           kazami@ntlworld.com		andrew
artit			artit@acj126.rh.psu.edu		artit
Arwed von Merkatz	v.merkatz@gmx.net		arwed
Atani       		atani@atani-software.net	atani
Auke Kok		sofar@lunar-linux.org		sofar
Barak			barak@wi.rr.com			barak
Bob Finch		w9ya@amsat.org			bfinch
Bjorn Nitzler		b.nitzler@umea.bonet.se		bjorn
Brian Peterson		brian.peterson@tcinternet.net	brian
Cal Evans		cal@calevans.com		cal
Chris			cwrobel@dccnet.com		chris
Christoph Steckelberg	heffer@mailberlin.net		christoph
Christopher Thomas Church	cchurch@cc.gatech.edu	christopher
Chuck Busby		scarecrow.143@attbi.com		chuck
Chuck Mead		csm@moongroup.com		csm
Daniel			dcmccal@CLEMSON.EDU		daniel
darookee		darookee@darookee.net		darookee
David Chan  		davidchan@rcn.com		david
Daniel Nielsen		djn@daimi.au.dk			dnielsen
doubletwist		doubletwist@spack.nu		doubletwist
Eric Sandall		sandalle@mail.wsu.edu		eric
fasa           		tremon_r@epita.fr		fasa
ST LEE			ftbee@hotmail.com		ftbee
Gareth Clay		g.clay@warwick.ac.uk		gareth
Gerall Kahla		gerall@chromebob.com		gerall
Charles Ballowe 	hangman@steelballs.org		hangman
Harley J Pig		harleypig@harleypig.com		harley
Hendrik Visage		hvisage@is.co.za		hendrik
Ladislav Hagara		hgr@vabo.cz			hgr
Jan Eidtmann		cmak@lunar-linux.org		cmak
Jan Sabbe		jan.sabbe@student.kuleuven.ac.be	jan
Jaime Buffery 		nestu@lunar-linux.org 		nestu
Jason Overholt		j.over@verizon.net		jason
j cr			jcrowso@hotmail.com		jcr
Jean-Michel Smith	jean@kcco.com			jean-michel
Jeff Schmidt		jschmidt@fnal.gov		jeff
Jim Phillips		jphillips@ergonet-ent.com	jim
Jason Jackson        	jacksonje@health.missouri.edu	jjackson
Joel Mayes		joel_mayes@dingoblue.net.au	joel
Johan Warlander		johan@warlander.com		johan
Jason Johnson		jason@xorit.net			johnson
Jon Svendsen		jon-sven@frisurf.no		jon
Jonathan Evraire	evraire@tuwg.com		jonathan
Joshua Books		jbooks@real.com			joshua
Jyp                     j.y.p@wanadoo.fr		jyp
Kagan Kongar		kongar@tsrsb.org.tr		kagan
Kyle Risse		krisse@kylerisse.com		krisse
Kyle Sallee		cromwell@kublai.com		kyle
Ladislav Hagara		hgr@vaboo.cz			ladislav
Lasar Liepins		lasar@liepins.de		lasar
Bob Johnson		livewire_@ameritech.net		livewire
Gáspár Ákos		madar@www.hnp.hu		madar
Manolis Tzanidakis      mtzanidakis@lycos.co.uk		manolis
Marc Greene		eru@subdimension.com		marc
Mark Rushing		mark@orbislumen.net		mark
Mike Dinitz		mdinitz@Princeton.edu		mike
Nazadus			nazadus@swbell.net		nazadus
Chris Newton		baron@shutdown.com		newton
Nick Hudson		nhudson@lunar-linux.org		nhudson
Nils Hjärpe		nisse@aol.fi			nils
Paul Laws		paul@moway.co.uk		paul
Paulo Almeida		pamma@netcabo.pt		paulo
Philippe Namias		pn@novadeck.net			philippe
P. Martin		pmartin@pe.net			pmartin
Richard Snow		richardsnow@mcc4u.com		richard
Rober Amble		robert_amble@yahoo.com		robert
Robin Cook		rcook@wyrms.net			robin
RodZilla		r0dzilla@bellsouth.net		rodzilla
Russel Ingarm		ringram@gargoylecc.com		russel
Sasha Andric		sasha@goldnet.ca		sasha
Seppo Tamminen		setammi@uusikaupunki.fi		seppo
Shawn			shawn@digilliance.net		shawn
steve			sja8rd@mizzou.edu		sja8rd
Steve Pinkham		spinkham@bigfoot.com		steve
Steven Michalske        michalsc@email.uc.edu		steven
Sven Oliver Moll	svolli@svolli.de		svolli
Target			target@targ.dyndns.org		target
Terry Chan		tchan@enteract.com		tchan
Thmoas Stewart		thomas@stewarts.org.uk		thomas
Toby Oxborrow		oxborrow@oxborrow.net		toby
Tom                     thomas@stewarts.org.uk		tom
Torgeir Ulvedal Nes	torgeir@nes.ac			torgeir
trick			gerry@c64.org			trick
Väinö Järvelä		vaino.jarvela@pp.inet.fi	vaino
Wes Warner		wes@lppcs.com			wes
